,credit_lines_outstanding,loan_amt_outstanding,total_debt_outstanding,income,years_employed,fico_score
count,10000.0,10000.0,10000.0,10000.0,10000.0,10000.0
mean,1.4612,-5.513811629498378e-16,-1.2292389328649733e-16,3.9896974612929624e-16,-2.504663143554353e-16,7.503331289626658e-16
std,1.7438459392578196,0.9999999999999999,0.9999999999999999,0.9999999999999999,1.0,1.0
min,0.0,-2.893552645116941,-1.3108568109710204,-3.439575769215883,-2.905679596635562,-3.784464608537177
25%,0.0,-0.707360571062678,-0.6819025841810307,-0.6725732100382626,-0.9910251444508218,-0.6686300666615327
50%,1.0,-0.07548886759108969,-0.29975255651372845,0.002287985188293186,0.2854111570056717,0.007291712263871639
75%,2.0,0.6284097708987313,0.3852849650079352,0.6670546973869764,0.9236293077339185,0.6832134911892759
max,5.0,4.636981182432693,5.276746325354311,3.9045158914539306,3.4765019106469053,3.5023018862196205
